,ID,condition,coords
d491,d491,d,"[[667.5 478. ]
 [692.  560. ]
 [778.  569. ]
 [773.5 458.5]
 [942.5 558. ]]"
v6016,v6016,v,"[[1118.  586.]
 [ 992.  610.]]"
d169,d169,d,"[[652.      450.66666]
 [428.      362.     ]
 [679.6667  319.66666]]"
e4050b,e4050b,e,"[[436.5 467. ]
 [378.5 479. ]]"
d2086,d2086,d,"[[516.     512.6667]
 [604.     378.    ]]"
e182,e182,e,"[[569.6667  298.     ]
 [520.3333  359.33334]
 [568.3333  374.     ]
 [632.3333  282.66666]
 [726.3333  414.     ]
 [658.3333  287.33334]
 [740.3333  302.66666]]"
e4017,e4017,e,"[[819.     542.    ]
 [631.     636.    ]
 [776.6667 677.3334]
 [682.6667 687.3334]]"
d2098,d2098,d,"[[861. 659.]
 [749. 562.]
 [758. 487.]
 [748. 448.]
 [769. 603.]]"
e256,e256,e,"[[1142.5  731. ]
 [1129.5  765.5]
 [1210.5  773.5]
 [1156.   812. ]]"
e4009,e4009,e,"[[722.6667 613.6667]
 [725.3333 674.3333]
 [745.3333 648.3333]
 [618.6667 627.6667]
 [668.     579.    ]
 [740.     713.5   ]]"
e4078,e4078,e,"[[784.3333  448.66666]
 [764.3333  448.66666]
 [836.3333  586.     ]
 [724.6667  546.6667 ]]"
e227,e227,e,"[[728.5 345.5]
 [731.  302. ]
 [693.  313.5]
 [662.5 397. ]
 [814.5 430.5]
 [793.  343.5]
 [745.  463. ]
 [674.5 456.5]
 [735.5 409. ]
 [830.  413. ]
 [738.  322.5]
 [682.  352.5]
 [784.5 317.5]
 [801.5 362. ]]"
v6020,v6020,v,"[[ 362. 3460.]
 [ 352. 3366.]]"
d1003b,d1003b,d,"[[ 670. 1710.]
 [ 662. 1768.]
 [1758. 3658.]
 [1494. 3668.]
 [1520. 3788.]]"
e4005,e4005,e,"[[617.3333 521.6667]
 [539.3333 568.3333]
 [626.6667 598.    ]]"
d513,d513,d,"[[363.66666 354.     ]
 [424.33334 428.     ]]"
d501,d501,d,"[[1189.      547.    ]
 [1271.      576.3333]]"
d1003,d1003,d,"[[1108. 1444.]
 [1126. 1426.]
 [1152. 1524.]
 [1012. 1436.]
 [1278. 1420.]]"
d425,d425,d,"[[350.5 298. ]
 [263.  325.5]
 [308.5 231.5]]"
d525,d525,d,"[[ 626.  373.]
 [ 836.  395.]
 [ 877.  419.]
 [ 926.  533.]
 [ 946.  539.]
 [ 914.  556.]
 [1010.  552.]]"
e4087,e4087,e,"[[733.6667 555.6667]
 [683.6667 560.3333]]"
e171,e171,e,"[[788.6667 564.    ]
 [880.     573.6667]
 [736.3333 643.3333]
 [849.     600.    ]
 [809.     609.    ]]"
d572,d572,d,"[[431. 515.]
 [626. 746.]
 [393. 558.]
 [640. 592.]]"
e291,e291,e,"[[705.  442.5]
 [786.  562. ]
 [749.5 512.5]
 [743.  532.5]
 [720.5 541.5]
 [716.5 564. ]
 [698.  544.5]
 [714.  415.5]]"
e173,e173,e,"[[637.5 466. ]
 [706.  485. ]
 [677.5 532.5]
 [683.5 490.5]]"
d1910,d1910,d,"[[735. 604.]
 [719. 582.]
 [802. 670.]
 [832. 519.]]"
v4131,v4131,v,"[[714.3333  641.6667 ]
 [669.      693.6667 ]
 [518.3333  494.33334]
 [493.      497.66666]]"
e4097,e4097,e,"[[666.     683.6667]
 [704.6667 769.3333]
 [571.3333 710.6667]]"
e262,e262,e,"[[547.5 412. ]
 [563.5 422. ]
 [605.5 397. ]
 [568.  450.5]]"
e201,e201,e,"[[766.6667 658.3333]
 [677.     674.    ]
 [730.3333 577.    ]]"
v6006,v6006,v,"[[1806. 3192.]
 [1826. 3202.]
 [1750. 3234.]
 [1884. 3226.]]"
e4052,e4052,e,"[[433.33334 517.     ]
 [479.33334 511.     ]
 [416.      485.66666]
 [482.      427.     ]
 [603.3333  542.6667 ]]"
e270,e270,e,"[[750.5 527.5]
 [736.5 542.5]
 [705.  401.5]
 [642.  385.5]
 [724.  488.5]
 [783.  549.5]]"
e213,e213,e,"[[616.  505. ]
 [723.5 655.5]
 [682.  613.5]]"
d593,d593,d,"[[831. 639.]
 [855. 710.]]"
v6014,v6014,v,"[[ 882. 2655.]
 [ 813. 2616.]]"
d120,d120,d,"[[763.3333 491.    ]
 [782.     483.    ]
 [793.3333 515.6667]]"
e4019,e4019,e,"[[775. 439.]
 [725. 469.]
 [710. 545.]
 [671. 557.]]"
e192,e192,e,"[[803.6667 543.3333]
 [719.6667 631.3333]
 [653.     700.6667]
 [571.6667 716.    ]
 [545.     722.6667]
 [531.     682.6667]
 [551.     646.    ]
 [667.     679.3333]
 [559.     678.6667]]"
e4007,e4007,e,"[[763.      327.66666]
 [739.      335.     ]
 [683.6667  367.66666]
 [649.6667  279.66666]
 [801.3333  336.66666]
 [908.6667  416.     ]]"
e258,e258,e,"[[852.6667 526.    ]
 [767.     578.3333]
 [640.     547.6667]
 [832.6667 496.    ]]"
e237,e237,e,"[[643.5 421. ]
 [714.  604. ]
 [732.5 608.5]]"
e4068,e4068,e,"[[805.     319.    ]
 [769.     524.    ]
 [914.     454.    ]
 [805.     460.6667]
 [727.6667 516.6667]]"
e165,e165,e,"[[637.5 343. ]
 [683.5 384.5]
 [704.  485.5]
 [646.  590.5]
 [616.5 574. ]
 [628.  501.5]
 [627.  414.5]
 [644.  407. ]
 [696.5 424. ]
 [612.  408.5]]"
v4135,v4135,v,"[[968. 258.]
 [827. 286.]]"
d531,d531,d,"[[734. 625.]
 [747. 704.]
 [620. 699.]
 [810. 695.]]"
e177,e177,e,"[[793.  481. ]
 [742.  478.5]
 [753.  518. ]
 [641.  398. ]
 [553.  373. ]
 [703.  509.5]
 [716.5 565.5]
 [495.  361.5]
 [495.  385.5]]"
d540,d540,d,"[[727.      309.33334]
 [683.      446.     ]]"
d1906,d1906,d,"[[761. 638.]
 [723. 715.]
 [758. 710.]
 [665. 608.]
 [578. 668.]]"
e169,e169,e,"[[784.5 438.5]
 [734.5 613. ]
 [792.5 574. ]
 [692.  583. ]
 [650.  581.5]
 [590.5 455. ]
 [768.5 550.5]
 [824.5 522. ]
 [727.  358.5]
 [704.  459. ]]"
e4081,e4081,e,"[[901. 631.]
 [936. 674.]
 [937. 741.]]"
d576,d576,d,"[[738.6667  425.33334]
 [618.      422.66666]]"
e295,e295,e,"[[516.      469.66666]
 [533.3333  436.33334]
 [520.6667  553.     ]
 [503.33334 562.3333 ]
 [527.3333  612.3333 ]
 [635.3333  588.3333 ]
 [718.      521.     ]
 [598.6667  531.     ]
 [641.3333  448.33334]
 [608.      623.6667 ]
 [569.3333  590.3333 ]
 [632.6667  470.33334]
 [680.6667  495.66666]
 [515.3333  517.     ]
 [561.3333  463.66666]
 [683.3333  551.     ]
 [634.      511.66666]]"
d564,d564,d,"[[517.6667  690.     ]
 [533.6667  576.     ]
 [409.66666 680.     ]
 [487.33334 557.3333 ]
 [349.33334 498.     ]
 [495.3333  380.     ]
 [505.3333  329.33334]
 [400.      382.66666]]"
e299,e299,e,"[[708.  435.5]
 [718.5 474.5]
 [679.  464. ]
 [676.5 443.5]
 [792.5 514. ]
 [806.  503.5]
 [692.  539.5]]"
d256,d256,d,"[[821.6667 533.    ]
 [750.3333 553.    ]
 [745.6667 532.3333]]"
d507,d507,d,"[[753. 304.]
 [776. 492.]
 [720. 475.]]"
d407,d407,d,"[[590.6667 480.    ]
 [542.6667 558.6667]
 [534.     610.6667]]"
d136,d136,d,"[[643.6667  365.66666]
 [526.3333  444.33334]]"
e4011,e4011,e,"[[211.33333 567.     ]
 [252.      453.66666]
 [225.33333 533.     ]
 [299.5     544.     ]
 [338.5     559.     ]
 [354.5     665.     ]]"
e184,e184,e,"[[586.  449. ]
 [572.5 482.5]
 [603.5 448. ]
 [620.5 425. ]
 [592.5 475. ]
 [635.5 490.5]
 [623.  374.5]
 [517.5 419. ]
 [686.5 489. ]
 [640.  516.5]]"
d124,d124,d,"[[1135.6666    111.333336]
 [1109.6666    158.66667 ]
 [1219.        220.      ]
 [1215.6666    288.66666 ]]"
e4003,e4003,e,"[[537. 490.]
 [609. 559.]
 [517. 523.]
 [525. 656.]
 [546. 629.]]"
e196,e196,e,"[[710.6667 835.    ]
 [522.6667 982.3333]
 [546.6667 895.6667]
 [588.6667 833.6667]
 [714.6667 857.    ]
 [605.3333 986.3333]
 [570.6667 823.    ]]"
e221,e221,e,"[[679.5 620. ]
 [677.  535.5]
 [729.5 690. ]
 [529.  545. ]
 [545.  498.5]
 [551.  465. ]]"
e274,e274,e,"[[579.5 496.5]
 [460.5 482. ]
 [508.5 503.5]
 [639.5 511. ]
 [487.5 587.5]
 [606.  462. ]
 [628.5 557. ]
 [652.5 608. ]
 [523.5 592. ]]"
d589,d589,d,"[[578.3333 652.6667]
 [677.     712.    ]]"
e209,e209,e,"[[571.6667  579.     ]
 [568.3333  555.3333 ]
 [536.      609.6667 ]
 [608.3333  500.66666]
 [542.3333  670.6667 ]]"
v6010,v6010,v,"[[2718.     3653.6667]
 [2707.3333 3744.3333]
 [2726.     3861.6667]]"
e4048,e4048,e,"[[474.66666 489.33334]
 [546.      547.3333 ]
 [504.66666 420.     ]
 [496.66666 437.33334]]"
e4039,e4039,e,"[[722. 430.]
 [700. 430.]
 [658. 439.]
 [666. 463.]
 [835. 468.]
 [804. 438.]
 [730. 556.]]"
e4044,e4044,e,"[[477.      536.3333 ]
 [633.      439.66666]
 [616.3333  467.66666]]"
e4027,e4027,e,"[[880. 265.]
 [828. 286.]
 [767. 522.]
 [858. 421.]]"
e205,e205,e,"[[779.6667 574.6667]
 [843.3333 599.    ]
 [795.     572.5   ]
 [636.     562.    ]
 [635.3333 602.3333]
 [594.6667 549.6667]
 [631.3333 533.    ]
 [660.3333 555.    ]]"
d126,d126,d,"[[608.3333  550.6667 ]
 [644.3333  594.6667 ]
 [675.      475.33334]]"
e4013,e4013,e,"[[523. 285.]
 [483. 411.]
 [495. 437.]
 [509. 464.]
 [523. 482.]
 [514. 429.]]"
e4036a,e4036a,e,"[[761.      443.66666]
 [863.      512.3333 ]]"
e198,e198,e,"[[614.6667  418.33334]
 [570.      602.3333 ]
 [620.6667  612.3333 ]
 [639.3333  543.     ]
 [622.6667  541.     ]
 [635.3333  424.33334]
 [607.3333  435.66666]
 [673.3333  489.     ]
 [720.6667  529.     ]
 [783.3333  545.     ]
 [694.      426.33334]
 [537.3333  465.     ]
 [548.6667  504.33334]
 [523.3333  544.3333 ]
 [564.      549.     ]
 [551.3333  569.     ]]"
d1894,d1894,d,"[[783. 630.]
 [782. 561.]
 [520. 634.]]"
e207,e207,e,"[[714.5 446. ]
 [775.  474. ]
 [827.  466. ]
 [741.5 510.5]
 [692.5 487. ]
 [804.5 322.5]
 [751.  337. ]
 [810.5 369.5]
 [870.5 347. ]
 [700.  427. ]]"
d102,d102,d,"[[650.      389.33334]
 [630.6667  488.66666]
 [569.3333  501.33334]]"
e4046,e4046,e,"[[632.6667  392.66666]
 [680.      470.     ]
 [848.6667  490.     ]]"
e4037,e4037,e,"[[1023.   375. ]
 [ 997.   367. ]
 [ 996.5  313. ]]"
e268,e268,e,"[[556.  516.5]
 [529.5 521.5]
 [501.  557. ]
 [509.  670.5]
 [490.5 682. ]
 [536.5 667. ]
 [588.5 520. ]
 [652.5 658. ]
 [555.5 578. ]
 [626.5 537. ]
 [632.  565.5]
 [655.5 564. ]
 [564.  595. ]
 [590.5 587.5]
 [509.5 594. ]
 [474.  670. ]
 [505.  698.5]
 [518.  634.5]
 [541.5 647. ]]"
e4019a,e4019a,e,"[[473. 647.]
 [402. 718.]
 [413. 755.]]"
e215,e215,e,"[[674.5 358.5]
 [658.5 383.5]
 [852.5 617.5]
 [674.5 505.5]
 [720.  361.5]]"
d595,d595,d,"[[693. 500.]
 [601. 526.]]"
e296a,e296a,e,"[[745.5 534. ]
 [742.5 553.5]
 [764.  567.5]
 [716.  613.5]
 [792.  643. ]
 [866.  610. ]
 [760.5 590.5]
 [740.5 571.5]
 [801.5 606.5]]"
d2112,d2112,d,"[[503. 415.]
 [510. 443.]
 [541. 451.]
 [709. 532.]]"
d433,d433,d,"[[711.6667 536.3333]
 [739.3333 545.    ]]"
d450,d450,d,"[[506.  592. ]
 [484.5 587.5]]"
d1007,d1007,d,"[[2374.  266.]
 [2410.  216.]
 [2472.  354.]]"
e289,e289,e,"[[652.  582. ]
 [586.  576. ]
 [448.  559.5]
 [398.  577.5]
 [452.  503. ]
 [487.5 519.5]
 [472.5 588. ]
 [592.  609. ]
 [547.  640.5]
 [428.  608.5]]"
v4120,v4120,v,"[[714.      356.     ]
 [835.      427.     ]
 [959.      391.     ]
 [748.      393.     ]
 [918.      405.33334]]"
d2109,d2109,d,"[[508. 583.]
 [499. 488.]
 [601. 406.]
 [726. 396.]
 [709. 388.]
 [525. 432.]]"
d412,d412,d,"[[447.5 255.5]
 [344.  332.5]]"
d463,d463,d,"[[599.  490.5]
 [639.  587.5]
 [586.  551. ]]"
d1891,d1891,d,"[[733.3333 623.6667]
 [747.3333 608.3333]
 [639.3333 606.3333]
 [634.6667 581.    ]
 [818.     639.    ]
 [819.3333 628.3333]]"
d2087,d2087,d,"[[691.      469.     ]
 [754.3333  475.66666]
 [841.6667  509.66666]]"
e183,e183,e,"[[526.3333  617.6667 ]
 [499.66666 589.     ]
 [586.3333  615.     ]
 [635.      519.     ]
 [663.6667  537.     ]
 [525.      511.66666]
 [597.      483.     ]
 [495.      488.33334]
 [568.3333  717.6667 ]
 [457.66666 468.33334]
 [499.66666 623.6667 ]]"
e4067,e4067,e,"[[865.      528.     ]
 [842.      510.     ]
 [755.      460.     ]
 [725.      499.33334]]"
v6021,v6021,v,"[[ 398.66666 2705.6667 ]
 [ 392.      2737.6667 ]
 [ 486.66666 2729.6667 ]]"
d1003c,d1003c,d,"[[ 672. 1710.]
 [ 662. 1768.]]"
e273,e273,e,"[[624.5 374.5]
 [680.  492.5]
 [729.5 498.5]
 [764.5 399.5]
 [796.5 441. ]]"
d115,d115,d,"[[459.66666 326.66666]
 [420.33334 428.66666]
 [455.66666 502.     ]
 [437.      413.33334]
 [393.25    526.75   ]]"
e4051,e4051,e,"[[645.6667 601.    ]
 [644.3333 620.3333]
 [578.3333 588.3333]]"
d176,d176,d,"[[860.5 659.5]
 [819.5 657.5]
 [836.  581.5]]"
v6005,v6005,v,"[[3165. 3464.]
 [2977. 3212.]
 [2877. 3374.]]"
e202,e202,e,"[[413.  486. ]
 [433.5 421.5]
 [403.  447. ]
 [401.  592. ]
 [470.5 418.5]]"
e193,e193,e,"[[775.5 758. ]
 [815.5 759.5]
 [765.5 820. ]
 [752.  786. ]
 [732.  704.5]]"
e4018,e4018,e,"[[941. 447.]
 [919. 444.]
 [952. 423.]
 [821. 429.]
 [796. 347.]
 [866. 354.]]"
v6019b,v6019b,v,"[[3379.     3666.6667]
 [3396.3333 3598.6667]]"
e255,e255,e,"[[661.3333  511.33334]
 [513.6667  548.3333 ]
 [636.3333  635.     ]
 [599.6667  625.     ]
 [571.3333  599.3333 ]
 [599.      541.     ]]"
e4077,e4077,e,"[[707.      555.6667 ]
 [766.3333  585.6667 ]
 [729.      497.66666]
 [663.6667  493.     ]]"
e300,e300,e,"[[207.5 551. ]
 [159.  532.5]
 [131.  562. ]
 [176.5 618. ]
 [190.  566. ]
 [145.  580.5]
 [150.5 555.5]]"
e200,e200,e,"[[710.6667  399.66666]
 [646.      471.66666]
 [622.6667  447.66666]
 [548.      534.3333 ]
 [508.66666 525.     ]
 [705.3333  451.     ]
 [602.6667  477.66666]]"
e4050a,e4050a,e,"[[747.3333  425.     ]
 [799.3333  411.66666]
 [568.      514.3333 ]
 [828.6667  539.     ]
 [712.6667  489.     ]]"
e4041,e4041,e,"[[719.      584.6667 ]
 [723.      545.3333 ]
 [783.      484.66666]
 [775.      640.6667 ]]"
e4030,e4030,e,"[[772.6667  430.33334]
 [682.6667  423.     ]
 [576.      406.33334]]"
d526,d526,d,"[[750.      380.     ]
 [688.      452.     ]
 [932.      353.33334]]"
d426,d426,d,"[[641.5 202.5]
 [604.  256. ]]"
d545,d545,d,"[[594. 494.]
 [670. 585.]
 [653. 572.]]"
d445,d445,d,"[[376.  624.5]
 [352.5 505. ]
 [465.  532. ]]"
d549,d549,d,"[[638.  401. ]
 [681.  424. ]
 [673.5 466.5]]"
d502,d502,d,"[[649.6667  434.33334]
 [695.      509.     ]
 [795.      530.3333 ]]"
d241,d241,d,"[[500.5    528.    ]
 [538.     563.    ]
 [524.6667 584.6667]]"
e290,e290,e,"[[774.5 601.5]
 [632.5 547.5]
 [661.  540. ]
 [630.5 464.5]
 [586.  458. ]
 [810.5 541.5]
 [659.  512. ]]"
e216,e216,e,"[[720.  590.5]
 [832.  660. ]
 [750.  455.5]
 [610.5 458. ]
 [750.  559. ]
 [790.5 601.5]
 [665.  457. ]
 [701.  433.5]
 [706.  514. ]
 [870.5 687. ]]"
d596,d596,d,"[[738.     723.3333]
 [796.     745.3333]
 [644.     711.3333]
 [733.3333 661.3333]]"
e4049,e4049,e,"[[ 436.5      467.     ]
 [ 378.5      479.     ]
 [1013.6667   100.     ]
 [ 977.       100.     ]
 [1040.3334   134.     ]
 [1023.6667   165.33333]]"
e4034,e4034,e,"[[ 935.6667   362.     ]
 [ 952.3333   439.33334]
 [ 952.3333   512.     ]
 [1014.3333   452.33334]
 [ 872.3333   359.66666]]"
e204,e204,e,"[[930.      261.     ]
 [928.      306.33334]
 [858.6667  399.     ]
 [832.      416.33334]
 [817.3333  495.66666]
 [820.6667  544.3333 ]
 [762.6667  467.     ]
 [730.6667  545.     ]
 [700.6667  562.3333 ]
 [936.6667  469.33334]
 [954.6667  433.33334]
 [884.      482.     ]
 [898.6667  360.     ]
 [945.3333  295.33334]
 [958.6667  278.66666]]"
e4038,e4038,e,"[[742.        40.      ]
 [856.        81.333336]
 [876.       100.      ]
 [897.3333    88.666664]]"
e185,e185,e,"[[586.      387.33334]
 [576.6667  460.66666]
 [518.6667  405.33334]
 [524.      464.66666]
 [545.3333  336.     ]
 [449.33334 437.33334]
 [548.      426.     ]
 [504.66666 441.33334]
 [527.3333  425.33334]
 [483.33334 472.     ]
 [494.      484.     ]]"
e4020a,e4020a,e,"[[599.  545. ]
 [641.5 517.5]]"
e4010,e4010,e,"[[674. 662.]
 [737. 662.]]"
e197,e197,e,"[[743.6667 473.    ]
 [705.     542.3333]
 [668.3333 554.3333]
 [579.     628.3333]
 [589.6667 645.6667]
 [666.3333 736.3333]
 [709.     752.3333]
 [641.     654.3333]
 [628.3333 639.6667]
 [630.3333 603.    ]]"
d2093,d2093,d,"[[693.     533.    ]
 [690.3333 551.6667]
 [804.3333 566.3333]]"
d469,d469,d,"[[798.  493. ]
 [705.5 511.5]
 [630.5 547.5]
 [626.  497.5]]"
d577,d577,d,"[[755.3333  301.66666]
 [636.6667  311.66666]
 [640.      350.33334]
 [577.3333  408.33334]]"
e298,e298,e,"[[642.     473.    ]
 [744.6667 518.3333]
 [756.6667 573.    ]
 [736.     575.3333]
 [614.     549.6667]
 [717.     544.6667]
 [703.3333 458.    ]]"
v4134,v4134,v,"[[690.6667 649.6667]
 [590.     676.3333]
 [506.     659.    ]
 [671.5    628.    ]]"
d553,d553,d,"[[484.      550.     ]
 [496.66666 574.6667 ]
 [462.      613.3333 ]]"
d522,d522,d,"[[731. 559.]
 [687. 551.]
 [471. 528.]
 [478. 443.]
 [551. 532.]
 [579. 605.]
 [466. 545.]]"
d541,d541,d,"[[631.6667  385.33334]
 [649.      573.3333 ]]"
e176,e176,e,"[[664.6667  366.33334]
 [571.      361.     ]
 [661.      329.33334]]"
d1909,d1909,d,"[[599.      573.     ]
 [615.6667  593.6667 ]
 [598.3333  507.     ]
 [631.      469.66666]
 [711.      464.33334]]"
e243a,e243a,e,"[[450.      384.66666]
 [520.      462.33334]
 [520.3333  499.     ]
 [510.33334 514.     ]]"
e4082,e4082,e,"[[644.      402.     ]
 [595.      548.     ]
 [610.      339.     ]
 [746.6667  363.66666]]"
v4136,v4136,v,"[[342. 522.]
 [270. 599.]]"
e178a,e178a,e,"[[934.  417.5]
 [823.  420.5]
 [891.  349. ]
 [862.  393.5]]"
e178,e178,e,"[[802.5 548. ]
 [740.  620.5]
 [631.  628. ]
 [638.  683. ]
 [657.5 644. ]]"
e218,e218,e,"[[636.5 463. ]
 [761.  522. ]]"
e4059,e4059,e,"[[303. 381.]
 [283. 415.]
 [492. 501.]
 [230. 391.]
 [276. 433.]]"
d1001c,d1001c,d,"[[ 465.      2769.3333 ]
 [ 405.66666 2848.6667 ]]"
v6001,v6001,v,"[[2164. 1394.]
 [2008. 1294.]
 [1850. 1420.]]"
e4036,e4036,e,"[[617.      501.     ]
 [629.      486.33334]
 [585.6667  675.6667 ]]"
e195,e195,e,"[[342.      590.     ]
 [620.      184.     ]
 [660.6667  215.33333]
 [460.      285.33334]
 [577.3333  296.66666]
 [538.6667  245.33333]
 [510.      272.     ]]"
d139,d139,d,"[[ 979.6667  531.6667]
 [1024.3334  570.3333]]"
e253,e253,e,"[[602.5 532. ]
 [594.5 502.5]]"
e187,e187,e,"[[794.6667  451.66666]
 [760.6667  417.66666]
 [680.      453.     ]
 [723.3333  493.     ]
 [845.3333  414.33334]
 [705.3333  463.66666]]"
e206c,e206c,e,"[[779.6667 574.6667]
 [843.3333 599.    ]
 [795.     572.5   ]]"
